,win_rate,standard_error,mode,avg_length,n_wins,n_wins_base,n_draws,n_total,discrete_win_rate,length_controlled_winrate,lc_standard_error
Llama-3.2-3B-Instruct,31.816639788296612,1.461751716237763,community,1609,257,548,0,805,31.925465838509314,21.065905450538434,0.0757883412636659
Tucano-2b4-Instruct,18.902636613933634,1.2388145236122492,community,1843,151,654,0,805,18.757763975155278,13.007976851110383,0.07170823368419639
Llama-3.2-1B-Instruct,13.007661832275733,1.0503643482885947,community,1429,99,706,0,805,12.298136645962733,7.156777894424804,0.057997711054458605
Tucano-1b1-Instruct,15.419484227948896,1.160056594824009,community,1667,124,681,0,805,15.403726708074533,8.800275585416614,0.08352323105119325
TeenyTinyLlama-460m-Chat,4.079605988826289,0.6147125427647545,community,1333,28,777,0,805,3.4782608695652173,2.8464225241864387,0.05984872795130711
sabia-7b,0.23831276487731073,0.10471693765116531,community,5011,1,804,0,805,0.12422360248447205,0.07693809377176508,0.004308650960461909
gervasio-7b-portuguese-ptbr-decoder,0.07677903493765574,0.0679473554957252,community,5740,1,804,0,805,0.12422360248447205,0.02658408152046984,0.001694289446490635
